{
    "Functional_Areas" : [
        {"Please Select One":"Please Select One"},
        {"R1": "R1-Reference"},
        {"CA": "CA-Claims Adjudication"},
        {"SS": "SS-System Support"}
    ],
    "DATA_FORMAT" : [
        {"Please Select One":"Please Select One"},
        {"D": "D-Date"},
        {"P": "P-Percent"},
        {"C": "C-Currency"},
        {"N": "Numeric"},
        {"A": "Alpha Numeric"}
    ],
    "LOB_DETAIL" : [
        {"Please Select One":"Please Select One"},
        {"MED": "MED-MEDICAID"}
    ]  
}
