{
    "inputList" : [
        {
        "functionalArea": "Reference",
        "elementName": "R_FUNC_AREA_CD",
        "lobCode": null,
        "listNumber": 1017,
        "listType": null,
        "listDate": null,
        "paramNumber": null,
        "key": null,
        "fDOS": null
        },
        {
        "functionalArea": "Reference",
        "elementName": "R_DBMS_DATA_TY_CD",
        "lobCode": null,
        "listNumber": 1050,
        "listType": null,
        "listDate": null,
        "paramNumber": null,
        "key": null,
        "fDOS": null
        }
    ]
}