{
    "inputList" : [
        {
        "functionalArea": "Reference",
        "elementName": "R_FUNC_AREA_CD",
        "lobCode": null,
        "listNumber": 1017,
        "listType": null,
        "listDate": null,
        "paramNumber": null,
        "key": null,
        "fDOS": null
        },
        {
        "functionalArea": "Reference",
        "elementName": "R_PARAM_TY_CD",
        "lobCode": null,
        "listNumber": 1025,
        "listType": null,
        "listDate": null,
        "paramNumber": null,
        "key": null,
        "fDOS": null
        },
        {
        "functionalArea": "Reference",
        "elementName": "R_LOB_CD",
        "lobCode": null,
        "listNumber": 1019,
        "listType": null,
        "listDate": null,
        "paramNumber": null,
        "key": null,
        "fDOS": null
        },
        {
        "functionalArea": "General",
        "elementName": "G_NOTE_TY_CD",
        "lobCode": null,
        "listNumber": 1012,
        "listType": null,
        "listDate": null,
        "paramNumber": null,
        "key": null,
        "fDOS": null
        }
    ]
}