{ "ARObj" : [   
    {"ARCode": 1,"beginDate": "01/01/1995", "endDate": "01/01/1999", "ARText": "Deductible Amount"}, 
    {"ARCode": 10,"beginDate": "01/01/1995", "endDate": "01/01/1999", "ARText": "The diagnosis is inconsistent with the patient's gender."}, 
    {"ARCode": 100,"beginDate": "01/01/1995", "endDate": "01/01/1999", "ARText": "Payment made to patient/insured/responsible party/employer."}, 
    {"ARCode": 101,"beginDate": "01/01/1995", "endDate": "01/01/1999", "ARText": "Predetermination: anticipated payment upon completion of services or claim adjudication."}, 
    {"ARCode": 102,"beginDate": "01/01/1995", "endDate": "01/01/1999", "ARText": "Major Medical Adjustment."}, 
    {"ARCode": 103,"beginDate": "01/01/1995", "endDate": "01/01/1999", "ARText": "Provider promotional discount (e.g., Senior citizen discount)."}, 
    {"ARCode": 104,"beginDate": "01/01/1995", "endDate": "01/01/1999", "ARText": "Managed care withholding."}, 
    {"ARCode": 105,"beginDate": "01/01/1995", "endDate": "01/01/1999", "ARText": "Tax withholding."}, 
    {"ARCode": 106,"beginDate": "01/01/1995", "endDate": "01/01/1999", "ARText": "Patient payment option/election not in effect."}, 
    {"ARCode": 107,"beginDate": "01/01/1995", "endDate": "01/01/1999", "ARText": "The related or qualifying claim/service was not identified on this claim."}
]
}