{ "searchObj" : [   
    {"locationCode": 111,"title": "Critical System Error - Route to Technical Support"}, 
    {"locationCode": 112, "title": "Special Batches/Claims - For high priority batches of claims requiring expedited processing."}, 
    {"locationCode": 113, "title": "Data Validity Exceptions"}, 
    {"locationCode": 114, "title": "COBA Claims Suspense"}, 
    {"locationCode": 115, "title": "Data Validity Exceptions"}, 
    {"locationCode": 116, "title": "Data Validity Exceptions"}, 
    {"locationCode": 117, "title": "Data Validity Exceptions"}, 
    {"locationCode": 118, "title": "Data Validity Exceptions"}, 
    {"locationCode": 119, "title": "COBA Claims Suspense"}, 
    {"locationCode": 110, "title": "COBA Claims Suspense"}
]
}