{ "providerNotice" : 
    [  
    {"lob": "MED-Medicaid", "providerType": "001-GenHosp", "providerSpeciality": "099-Other", "beginDate": "01/01/2016", "endDate": "12/31/2018", "text": "Test Text", "voidDate": "01/01/2016"}, 
    {"lob": "MED-Medicaid", "providerType": "021-PhysGroup", "providerSpeciality": "013-Neurology", "beginDate": "09/21/2017", "endDate": "12/31/2018", "text": "Test Text", "voidDate": "01/01/2016"}, 
    {"lob": "MED-Medicaid", "providerType": "001-GenHosp", "providerSpeciality": "099-Other", "beginDate": "01/03/2017", "endDate": "12/31/2018", "text": "Test Text", "voidDate": "01/01/2016"}, 
    {"lob": "MED-Medicaid", "providerType": "006-Hospice", "providerSpeciality": "007-Dermatology", "beginDate": "09/21/2016", "endDate": "12/31/2018", "text": "Test Text", "voidDate": "01/01/2016"}, 
    {"lob": "MED-Medicaid", "providerType": "012-NH-County", "providerSpeciality": "003-Cardilogy", "beginDate": "10/22/2016", "endDate": "12/31/2018", "text": "Test Text", "voidDate": "01/01/2016"}, 
    {"lob": "MED-Medicaid", "providerType": "030-DenitstInd", "providerSpeciality": "012-Dental", "beginDate": "04/06/2015", "endDate": "12/31/2018", "text": "Test Text", "voidDate": "01/01/2016"}, 
    {"lob": "MED-Medicaid", "providerType": "012-NH-County", "providerSpeciality": "003-Cardilogy", "beginDate": "08/09/2016", "endDate": "12/31/2018", "text": "Test Text", "voidDate": "01/01/2016"}, 
    {"lob": "MED-Medicaid", "providerType": "006-Hospice", "providerSpeciality": "007-Dermatology", "beginDate": "11/21/2017", "endDate": "12/31/2018", "text": "Test Text", "voidDate": "01/01/2016"}, 
    {"lob": "MED-Medicaid", "providerType": "001-GenHosp", "providerSpeciality": "099-Other", "beginDate": "03/01/2017", "endDate": "12/31/2018", "text": "Test Text", "voidDate": "01/01/2016"}, 
    {"lob": "MED-Medicaid", "providerType": "021-PhysGroup", "providerSpeciality": "013-Neurology", "beginDate": "09/21/2016", "endDate": "12/31/2018", "text": "Test Text", "voidDate": "01/01/2016"}
]
}