{ "rAEOBObj" : 
    [  
    {"lob": "MED", "eobCode": 1000, "eobText": "Critical System Error - Route to Technical Support"}, 
    {"lob": "MED", "eobCode": 1000, "eobText": "Special Batches/Claims - For high priority batches of claims requiring expedited processing."}, 
    {"lob": "MED", "eobCode": 1000, "eobText": "Data Validity Exceptions"}, 
    {"lob": "MED", "eobCode": 1000, "eobText": "COBA Claims Suspense"}, 
    {"lob": "MED", "eobCode": 1000, "eobText": "Data Validity Exceptions"}, 
    {"lob": "MED", "eobCode": 1000, "eobText": "Data Validity Exceptions"}, 
    {"lob": "MED", "eobCode": 1000, "eobText": "Data Validity Exceptions"}, 
    {"lob": "MED", "eobCode": 1000, "eobText": "Data Validity Exceptions"}, 
    {"lob": "MED", "eobCode": 1000, "eobText": "COBA Claims Suspense"}, 
    {"lob": "MED", "eobCode": 1000, "eobText": "COBA Claims Suspense"}
]
}