{ "remarkCodeObj" : [   
    {"remarkCode": "M1", "beginDate": "01/01/1995", "endDate": "01/01/1999", "remarkText": "X-ray not taken within the past 12 months or near enough to the start of treatment."}, 
    {"remarkCode": "M10", "beginDate": "01/01/1995", "endDate": "01/01/1999", "remarkText": "Equipment purchases are limited to the first or the tenth month of medical necessity."}, 
    {"remarkCode": "M100", "beginDate": "01/01/1995", "endDate": "01/01/1999", "remarkText": "Payment reduced as 90-day rolling average hematocrit for ESRD patient exceeded 36.5%."}, 
    {"remarkCode": "M101", "beginDate": "01/01/1995", "endDate": "01/01/1999", "remarkText": "Begin to report a G1-G5 modifier with this HCPCS.  We will soon begin to deny payment for this service if billed without a G1-G5 modifier."}, 
    {"remarkCode": "M102", "beginDate": "01/01/1995", "endDate": "01/01/1999", "remarkText": "Service not performed on equipment approved by the FDA for this purpose."}, 
    {"remarkCode": "M103", "beginDate": "01/01/1995", "endDate": "01/01/1999", "remarkText": "Information supplied supports a break in therapy.  However, the medical information we have for this patient does not support the need for this item as billed. "}, 
    {"remarkCode": "M104", "beginDate": "01/01/1995", "endDate": "01/01/1999", "remarkText": "Information supplied supports a break in therapy.  However, the medical information we have for this patient does not support the need for this item as billed. "}, 
    {"remarkCode": "M105", "beginDate": "01/01/1995", "endDate": "01/01/1999", "remarkText": "Information supplied supports a break in therapy.  However, the medical information we have for this patient does not support the need for this item as billed. "}, 
    {"remarkCode": "M106", "beginDate": "01/01/1995", "endDate": "01/01/1999", "remarkText": "Information supplied supports a break in therapy.  However, the medical information we have for this patient does not support the need for this item as billed. "}, 
    {"remarkCode": "M107", "beginDate": "01/01/1995", "endDate": "01/01/1999", "remarkText": "Payment reduced as 90-day rolling average hematocrit for ESRD patient exceeded 36.5%."}
]
}