{ "SARObj" : 
    [  
    {"SARCode": "A1", "displaySAR": " ", "text": ">= 1 Line Item Req"}, 
    {"SARCode": "A2", "displaySAR": " ", "text": "Req Beg Dt > End Dt"}, 
    {"SARCode": "A3", "displaySAR": " ", "text": "ReqPrv ID Not Found"}, 
    {"SARCode": "A4", "displaySAR": " ", "text": "Member ID Not Found "}, 
    {"SARCode": "A5", "displaySAR": " ", "text": "EvtProv ID Not Found"}, 
    {"SARCode": "A6", "displaySAR": " ", "text": "ProcCode/Mod Invalid"}, 
    {"SARCode": "A7", "displaySAR": " ", "text": "SVC Prv ID not found"}, 
    {"SARCode": "A8", "displaySAR": " ", "text": "Tooth Surf Invalid"}, 
    {"SARCode": "A9", "displaySAR": " ", "text": "Tooth Num Invalid"}, 
    {"SARCode": "A10", "displaySAR": " ", "text": "Mthly Rental Chr Req"}
]
}