{ "SPObj" : 
    [  
    {"lob": "MED", "fromCode": 1000, "modifier1": "", "modifier2": "", "modifier3": "", "modifier4": "", "thrucode": 1000, "modifier11": "", "modifier21": "", "modifier31": "", "modifier41": "", "text": "Test Text"},
    {"lob": "MED", "fromCode": 1000, "modifier1": "", "modifier2": "", "modifier3": "", "modifier4": "", "thrucode": 1000, "modifier11": "", "modifier21": "", "modifier31": "", "modifier41": "", "text": "Test Text"}, 
    {"lob": "MED", "fromCode": 1000, "modifier1": "", "modifier2": "", "modifier3": "", "modifier4": "", "thrucode": 1000, "modifier11": "", "modifier21": "", "modifier31": "", "modifier41": "", "text": "Test Text"}, 
    {"lob": "MED", "fromCode": 1000, "modifier1": "", "modifier2": "", "modifier3": "", "modifier4": "", "thrucode": 1000, "modifier11": "", "modifier21": "", "modifier31": "", "modifier41": "", "text": "Test Text"}, 
    {"lob": "MED", "fromCode": 1000, "modifier1": "", "modifier2": "", "modifier3": "", "modifier4": "", "thrucode": 1000, "modifier11": "", "modifier21": "", "modifier31": "", "modifier41": "", "text": "Test Text"}, 
    {"lob": "MED", "fromCode": 1000, "modifier1": "", "modifier2": "", "modifier3": "", "modifier4": "", "thrucode": 1000, "modifier11": "", "modifier21": "", "modifier31": "", "modifier41": "", "text": "Test Text"}, 
    {"lob": "MED", "fromCode": 1000, "modifier1": "", "modifier2": "", "modifier3": "", "modifier4": "", "thrucode": 1000, "modifier11": "", "modifier21": "", "modifier31": "", "modifier41": "", "text": "Test Text"}, 
    {"lob": "MED", "fromCode": 1000, "modifier1": "", "modifier2": "", "modifier3": "", "modifier4": "", "thrucode": 1000, "modifier11": "", "modifier21": "", "modifier31": "", "modifier41": "", "text": "Test Text"}, 
    {"lob": "MED", "fromCode": 1000, "modifier1": "", "modifier2": "", "modifier3": "", "modifier4": "", "thrucode": 1000, "modifier11": "", "modifier21": "", "modifier31": "", "modifier41": "", "text": "Test Text"}, 
    {"lob": "MED", "fromCode": 1000, "modifier1": "", "modifier2": "", "modifier3": "", "modifier4": "", "thrucode": 1000, "modifier11": "", "modifier21": "", "modifier31": "", "modifier41": "", "text": "Test Text"}
]
}