{
    "inputList" : [
        {
        "functionalArea": "Reference",
        "elementName": "R_LOB_CD",
        "lobCode": null,
        "listNumber": 1019,
        "listType": null,
        "listDate": null,
        "paramNumber": null,
        "key": null,
        "fDOS": null
        },
        {
        "functionalArea": "Provider",
        "elementName": "P_TY_CD",
        "lobCode": null,
        "listNumber": 11,
        "listType": null,
        "listDate": null,
        "paramNumber": null,
        "key": null,
        "fDOS": null
        },
        {
        "functionalArea": "Provider",
        "elementName": "P_SPECL_ CD",
        "lobCode": null,
        "listNumber": 1054,
        "listType": null,
        "listDate": null,
        "paramNumber": null,
        "key": null,
        "fDOS": null
        }
    ]
}