{
    "inputList" : [
        {
        "functionalArea": "Reference",
        "elementName": "R_LOB_CD",
        "lobCode": null,
        "listNumber": 1019,
        "listType": null,
        "listDate": null,
        "paramNumber": null,
        "key": null,
        "fDOS": null
        },
        {
        "functionalArea": "Reference",
        "elementName": "R_MAP_TY_CD",
        "lobCode": null,
        "listNumber": 1022,
        "listType": null,
        "listDate": null,
        "paramNumber": null,
        "key": null,
        "fDOS": null
        }
       
               
    ]
}